scan_number,predicted,ground_truth,lcs,pred_len,gt_len,aa_precision,aa_recall
1602,CKPTSPGR,CKPTSPGR,8,8,8,1.0,1.0
1626,VSHGCVR,VSHGCVR,7,7,7,1.0,1.0
1686,SFSHQAQSSK,SFSHQAGASSK,9,10,11,0.9,0.8181818181818182
1714,LGHTVER,LGHTVER,7,7,7,1.0,1.0
1723,LEQAPGQHQR,LEQAPGQHGAR,9,10,11,0.9,0.8181818181818182
1730,NKPGVYTK,NKPGVYTK,8,8,8,1.0,1.0
1737,SATDAANAAQNR,SATDAANAAQNR,12,12,12,1.0,1.0
1739,QLDANQGGNQR,QLDANQGGNQR,11,11,11,1.0,1.0
1760,RYPNNPGAK,RYPNNPGAK,9,9,9,1.0,1.0
1776,TQDATHGNSLSHR,TQDATHGNSLSHR,13,13,13,1.0,1.0
1800,NHPAPQAPR,NHPAPQAPR,9,9,9,1.0,1.0
1844,GSGGGSSGGSLGGR,LAATMENAQK,1,14,10,0.07142857142857142,0.1
1853,GSGGGSSGGSLGGR,GSGGGSSGGSLGGR,14,14,14,1.0,1.0
1856,YPNNPGAK,YPNNPGAK,8,8,8,1.0,1.0
1860,LVQDPSR,LVQDPSR,7,7,7,1.0,1.0
1908,QLDQTTQR,QLDQTTQR,8,8,8,1.0,1.0
1916,VVAVQNQQGK,VVAVQNQQGK,10,10,10,1.0,1.0
1996,VTVEGHADER,VTVEGHADER,10,10,10,1.0,1.0
2016,FSSSSYDTVDK,FSSSSGYGGGSSR,6,11,13,0.5454545454545454,0.46153846153846156
2049,NKPGVYTK,NKPGVYTK,8,8,8,1.0,1.0
2050,AGQYAYR,AGQYAYR,7,7,7,1.0,1.0
2068,LSNGEGVER,LSNGEGVER,9,9,9,1.0,1.0
2085,AQVGTMPVGSK,AQVGTMPVGSK,11,11,11,1.0,1.0
2122,AQAFEQDR,AQAFEQDR,8,8,8,1.0,1.0
2124,VLCSAEPK,VLCSAEPK,8,8,8,1.0,1.0
2143,NEQPQLR,NEQPQLR,7,7,7,1.0,1.0
2175,GSMAVGPETK,GQPAVGPETK,8,10,10,0.8,0.8
2178,NLNQYQTR,NLNQYQTR,8,8,8,1.0,1.0
2238,AQAFEQDR,AQAFEQDR,8,8,8,1.0,1.0
2265,GNNQPDLQK,GNNQPDLQK,9,9,9,1.0,1.0
2285,MFLSGSMCNR,MMLSGSMCNR,9,10,10,0.9,0.9
2301,DYPDTQATR,DYPDTQATR,9,9,9,1.0,1.0
2303,ALATMENAQK,LAATMENAQK,9,10,10,0.9,0.9
2312,VVMTGPSK,VVMTGPSK,8,8,8,1.0,1.0
2313,LATMGSTGTSSTR,LATMGSTGTSSTR,13,13,13,1.0,1.0
2347,LTNLANGR,LTNLANGR,8,8,8,1.0,1.0
2365,VTVEGHADER,VTVEGHADER,10,10,10,1.0,1.0
2385,SDEEETSTTTDTPATPAR,SDEEQTSTTTDTPATPAR,17,18,18,0.9444444444444444,0.9444444444444444
2395,VNLNGGAPQR,VNLNGGAPQR,10,10,10,1.0,1.0
2396,QNLENGAVK,QNLEASGVR,6,9,9,0.6666666666666666,0.6666666666666666
2413,NYLTESGK,NYLTESGK,8,8,8,1.0,1.0
2432,AGQYAYR,AGQYAYR,7,7,7,1.0,1.0
2458,KPLDDVK,KPLDDVK,7,7,7,1.0,1.0
2468,LSQATGSTELDR,LSQATGSTELDR,12,12,12,1.0,1.0
2503,APVLSDSSCK,APVLSDSSCK,10,10,10,1.0,1.0
2510,LSNGELTAK,LSNGELTAK,9,9,9,1.0,1.0
2538,YYEPSPGR,YYEPSPGR,8,8,8,1.0,1.0
2547,VEDALHATR,VEDALHATR,9,9,9,1.0,1.0
2548,NYTLTQR,NYTLTQR,7,7,7,1.0,1.0
2597,EAPAAAAPAAAAAK,EAAPAAAPAAAAAK,13,14,14,0.9285714285714286,0.9285714285714286
2607,SGGGGGGGLGSSVQR,SGGGGGGGLGSGGSLR,13,15,16,0.8666666666666667,0.8125
2609,LATAVPDK,LATAVPDK,8,8,8,1.0,1.0
2611,TAVLNAASGR,TAVLNAASGR,10,10,10,1.0,1.0
2665,AQAFEQDR,AQAFEQDR,8,8,8,1.0,1.0
2666,TFTAKPETVK,TFTAKPETVK,10,10,10,1.0,1.0
2667,GSYSGSTYTVK,GSYSGSTYTVK,11,11,11,1.0,1.0
2676,LTNLANGR,LTNLANGR,8,8,8,1.0,1.0
2683,QYGNLPK,QYGNLPK,7,7,7,1.0,1.0
2755,EVPAALQK,EVPAALQK,8,8,8,1.0,1.0
2756,HAVTEASPMVK,HAVTEASPMVK,11,11,11,1.0,1.0
2758,HNGAPAFSPDGSK,HNGAPAFSPDGSK,13,13,13,1.0,1.0
2768,MADSDALR,MADSDALR,8,8,8,1.0,1.0
2769,NGSQSGATLYASSR,NGSQSGATLYASSR,14,14,14,1.0,1.0
2778,AALMMGLNR,AALMMGLNR,9,9,9,1.0,1.0
2788,VQALADAAR,VQALADAAR,9,9,9,1.0,1.0
2793,QNVQGVDVR,QNVQGVDVR,9,9,9,1.0,1.0
2797,EFDNSYTR,EFDNSYTR,8,8,8,1.0,1.0
2815,GYPNSQYTTDATK,GYPNSQYTTDATK,13,13,13,1.0,1.0
2818,EFYEKPTTER,EFYEKPTTER,10,10,10,1.0,1.0
2819,EFYEKGQPSSK,EFYEKPTTER,6,11,10,0.5454545454545454,0.6
2824,EAGVYMR,EAGVYMR,7,7,7,1.0,1.0
2825,LQELQTR,LQDGNWR,3,7,7,0.42857142857142855,0.42857142857142855
2829,VQALADAAR,VQALADAAR,9,9,9,1.0,1.0
2836,GMGENTPVTGNTCDNVK,GMGESNPVTGNTCDNVK,16,17,17,0.9411764705882353,0.9411764705882353
2846,LQELQTR,LQELGATR,6,7,8,0.8571428571428571,0.75
2872,EAGVYMR,EAGVYMR,7,7,7,1.0,1.0
2893,AETYTGGLK,AETYTGGLK,9,9,9,1.0,1.0
2894,VVYGGYDTK,VVYGGYDTK,9,9,9,1.0,1.0
2895,FNSSLSEDGQR,FNSSLSEDGQR,11,11,11,1.0,1.0
2903,VTVEGHADER,VTVEGHADER,10,10,10,1.0,1.0
2913,QGYPLGCK,QGYPLGCK,8,8,8,1.0,1.0
2932,AVVESLQR,AVVESLQR,8,8,8,1.0,1.0
2952,LQELGATR,LQELGATR,8,8,8,1.0,1.0
2954,GGGLSGQAQLR,GGGLSGQAGALR,10,11,12,0.9090909090909091,0.8333333333333334
2955,LEQSPELSAK,LEQSPELSAK,10,10,10,1.0,1.0
2967,GQNEDQNVAVK,GQNEDQNVGLK,9,11,11,0.8181818181818182,0.8181818181818182
2979,FFETQSSK,FFETQSSK,8,8,8,1.0,1.0
2980,EDTPALR,ALNLQDK,2,7,7,0.2857142857142857,0.2857142857142857
2982,QQLEEASTDYDR,QQLEEATSDYDR,11,12,12,0.9166666666666666,0.9166666666666666
2986,LTGMVQDAQQNK,LTGMVQDAQQNK,12,12,12,1.0,1.0
2993,AETYTGGLK,AETYTGGLK,9,9,9,1.0,1.0
3003,AAADVQLR,AAADVQLR,8,8,8,1.0,1.0
3020,YTAALTGAEGK,YTAALTGAEGK,11,11,11,1.0,1.0
3032,LSNPELR,LSNPELR,7,7,7,1.0,1.0
3048,DQGVVVNNVK,DQGVVVNNVK,10,10,10,1.0,1.0
3049,DYVPQPAR,DYVPQPAR,8,8,8,1.0,1.0
3127,ATLAPANSEYAK,ATLAPANSEYAK,12,12,12,1.0,1.0
3134,ALNLQDK,ALNLQDK,7,7,7,1.0,1.0
3142,AQAFEQDR,AQAFEQDR,8,8,8,1.0,1.0
3143,RVELEVK,RVELEVK,7,7,7,1.0,1.0
3151,FGGSVFGAR,FGSTSELR,4,9,8,0.4444444444444444,0.5
3164,METDLQAK,METDLQAK,8,8,8,1.0,1.0
3172,VYLAEENR,VYLAEEGGR,7,8,9,0.875,0.7777777777777778
3173,QTVDEALK,QTVDEALK,8,8,8,1.0,1.0
3176,QDGSVDFGR,QDGSVDFGR,9,9,9,1.0,1.0
3202,SQYEQLAEQNR,SQYEQLAEQNR,11,11,11,1.0,1.0
3207,ALNLQDK,EDTPALR,2,7,7,0.2857142857142857,0.2857142857142857
3218,SQPEVNDALTK,GQNEDQNVGLK,5,11,11,0.45454545454545453,0.45454545454545453
3223,QTVDEALK,QTVDEALK,8,8,8,1.0,1.0
3230,QQASLGTQLDK,QQASLGTQLDK,11,11,11,1.0,1.0
3232,TLSDQACQEMDSK,TLSDQACQEMDSK,13,13,13,1.0,1.0
3248,LYGNLDK,LYGNLDK,7,7,7,1.0,1.0
3250,APVLSDSGMK,SQSTSLLER,2,10,9,0.2,0.2222222222222222
3257,LAGDYLAK,LAGDYLAK,8,8,8,1.0,1.0
3271,VTMQNLNDR,VTMQNLNDR,9,9,9,1.0,1.0
3282,GEGFQQAVAAHK,GEGFQQAVAAHK,12,12,12,1.0,1.0
3315,AQVGTMPVGSK,AQVGTMPVGSK,11,11,11,1.0,1.0
3319,ANLTAQLNK,ANLTAQLNK,9,9,9,1.0,1.0
3333,ADNVVLENNR,ADNVVLENGGR,9,10,11,0.9,0.8181818181818182
3334,ALSVPCSDSK,ALSVPCSDSK,10,10,10,1.0,1.0
3418,GFSSGSAVVSGSGR,GFSSGSAVVSGGSR,13,14,14,0.9285714285714286,0.9285714285714286
3421,LSSPATLNSR,LSSPATLNSR,10,10,10,1.0,1.0
3427,LVNQEWK,LVNQEWK,7,7,7,1.0,1.0
3431,LQELQTR,LQELGATR,6,7,8,0.8571428571428571,0.75
3433,EDTPALR,AAEQLLR,3,7,7,0.42857142857142855,0.42857142857142855
3475,ANPTLPPAR,ANPTLPPAR,9,9,9,1.0,1.0
3480,TDAQNTAAYLGNGDR,TDAQNTAAYLGNGDR,15,15,15,1.0,1.0
3483,YGYAYPR,YGYAYPR,7,7,7,1.0,1.0
3513,GYTEAAVAGK,VLTEAAVAGK,8,10,10,0.8,0.8
3528,VYAALEAGNK,VYAALEAGDK,9,10,10,0.9,0.9
3530,SPVEPVQSTAPQPK,SPVEPVQSTAPQPK,14,14,14,1.0,1.0
3590,RVELEVK,RVELEVK,7,7,7,1.0,1.0
3598,TDEYNLK,TDEYNLK,7,7,7,1.0,1.0
3615,DPLDNTYTR,DPLDNTYTR,9,9,9,1.0,1.0
3621,DVDGDQTYMR,DVDGDQTYMR,10,10,10,1.0,1.0
3641,QEAAPAAPAAPAAAAAA,QEAAPAAAPAPAAGVK,12,17,16,0.7058823529411765,0.75
3642,QDGSVDFGR,QDGSVDFGR,9,9,9,1.0,1.0
3655,TDAQNTAAYLGNGDR,TDAQNTAAYLGNGDR,15,15,15,1.0,1.0
3697,ELYEVER,ELYEVER,7,7,7,1.0,1.0
3703,VGAATEVEMK,VGAATEVEMK,10,10,10,1.0,1.0
3711,SRDPQLQVATNK,SRDPQLQVVTNK,11,12,12,0.9166666666666666,0.9166666666666666
3726,GMGMGEPVTGNTCDNVK,GMGESNPVTGNTCDNVK,15,17,17,0.8823529411764706,0.8823529411764706
3730,NGNPSGEGFTSGVTNNGR,NGNPSGEGFTSGVTNNGR,18,18,18,1.0,1.0
3731,QAPVYAVNK,QALTYAVNK,7,9,9,0.7777777777777778,0.7777777777777778
3738,VGVLMQDK,VGVLMQDK,8,8,8,1.0,1.0
3772,VDRPTAECAAALDK,VDRPTAECAAALDK,14,14,14,1.0,1.0
3781,LLAEAMDK,LLAEAMDK,8,8,8,1.0,1.0
3783,YQVVVADSR,YVNVNSVNK,4,9,9,0.4444444444444444,0.4444444444444444
3786,TLSDQACQEMDSK,TLSDQACQEMDSK,13,13,13,1.0,1.0
3787,LATMGSTDAASVR,LATMGSTDAASVR,13,13,13,1.0,1.0
3792,LLAEAMDK,VGVLMQDK,4,8,8,0.5,0.5
3793,LPEGLAGGTEGK,LPEGLAGGTEGK,12,12,12,1.0,1.0
3805,DPLDNTYTR,DPLDNTYTR,9,9,9,1.0,1.0
3810,ELYEVER,ELYEVER,7,7,7,1.0,1.0
3822,AAFNQMVQGHK,AAFNQMVQGHK,11,11,11,1.0,1.0
3827,TLNDAVEVK,TLNDAVEVK,9,9,9,1.0,1.0
3871,VGVLMQDK,VGVLMQDK,8,8,8,1.0,1.0
3875,NMAGSLVR,NMAGSLVR,8,8,8,1.0,1.0
3921,QVASFPR,QVASFPR,7,7,7,1.0,1.0
3948,LENELQTYR,LENELQTYR,9,9,9,1.0,1.0
3968,ELTLAAAK,ELTLAAAK,8,8,8,1.0,1.0
3976,LGMGESPVTGNTCDNVK,GMGESNPVTGNTCDNVK,16,17,17,0.9411764705882353,0.9411764705882353
3988,QVASFPR,QVASFPR,7,7,7,1.0,1.0
4006,TLQQGFEAAK,TLQQGFEAAK,10,10,10,1.0,1.0
4014,KDDGNTVMVVQK,KDDGNTLMVVQK,11,12,12,0.9166666666666666,0.9166666666666666
4019,RVELEVK,RVELEVK,7,7,7,1.0,1.0
4049,GSSPTPQQDLVR,GSSPTPQQDLVR,12,12,12,1.0,1.0
4053,LPVVSSPK,LPVVSSPK,8,8,8,1.0,1.0
4066,AQLQELAQTK,AQLQELAQTK,10,10,10,1.0,1.0
4080,GEGFQQAVAAHK,GEGFQQAVAAHK,12,12,12,1.0,1.0
4118,GSSPTPQQDLVR,GSSPTPQQDLVR,12,12,12,1.0,1.0
4124,GMGESNPVTGNTCDNVK,GMGESNPVTGNTCDNVK,17,17,17,1.0,1.0
4127,NGNPSGEGFTSGVTNNGR,NGNPSGEGFTSGVTNNGR,18,18,18,1.0,1.0
4163,VDRPTAECAAALDK,VDRPTAECAAALDK,14,14,14,1.0,1.0
4165,DVDGDQTYMR,DVDGDQTYMR,10,10,10,1.0,1.0
4173,ALNAAGFR,ALNAAGFR,8,8,8,1.0,1.0
4193,VLETFGASEGGNK,VLETFGASEGGNK,13,13,13,1.0,1.0
4198,ELYEVER,ELYEVER,7,7,7,1.0,1.0
4227,QTYATTLPAGR,AGTYATTLPAGR,10,11,12,0.9090909090909091,0.8333333333333334
4235,AVYQQVLSK,AVYQQVLSK,9,9,9,1.0,1.0
4251,NMAGSLVR,NMAGSLVR,8,8,8,1.0,1.0
4302,QQLEEATSDYDR,QQLEEATSDYDR,12,12,12,1.0,1.0
4307,LLAEAMDK,LGEFAPTR,3,8,8,0.375,0.375
4321,VDRPTAECAAALDK,VDRPTAECAAALDK,14,14,14,1.0,1.0
4341,LGMGESPVTGNTCDNVK,GMGESNPVTGNTCDNVK,16,17,17,0.9411764705882353,0.9411764705882353
4353,VLNVLNGK,VLNVLNGK,8,8,8,1.0,1.0
4383,RVELEVK,RVELEVK,7,7,7,1.0,1.0
4409,LANELSDAAENK,LANELSDAAENK,12,12,12,1.0,1.0
4427,LFVDEGPSMK,LFVDEGPSMK,10,10,10,1.0,1.0
4439,GEGFEQAVAAHK,GEGFQQAVAAHK,11,12,12,0.9166666666666666,0.9166666666666666
4482,TLVVYTGR,TLVVYGTR,7,8,8,0.875,0.875
4499,GMGESNPVTGNTCDNVK,GMGESNPVTGNTCDNVK,17,17,17,1.0,1.0
4534,VYAALEAGNK,VYAALEAGDK,9,10,10,0.9,0.9
4541,VLETFGASEGGNK,VLETFGASEGGNK,13,13,13,1.0,1.0
4544,ELYEVER,ELYEVER,7,7,7,1.0,1.0
4559,ALLSDVNASDEDR,ALLSDVNASDEDR,13,13,13,1.0,1.0
4562,LLSPEVANDK,LLSPEVANDK,10,10,10,1.0,1.0
4567,LPSDAGSNLTYR,LPSDAGSNLTYR,12,12,12,1.0,1.0
4578,AVYQQVLSK,AVYQQVLSK,9,9,9,1.0,1.0
4579,SYEEELAK,SYEEELAK,8,8,8,1.0,1.0
4588,DDLGSFPNGER,DDLGSFPNGER,11,11,11,1.0,1.0
4609,MMLSGSMCNR,MMLSGSMCNR,10,10,10,1.0,1.0
4612,DLETQSQDGTFDK,DLETQSQDGTFDK,13,13,13,1.0,1.0
4631,AAVADWQK,AGLADWQK,6,8,8,0.75,0.75
4667,QNNMTLDQMR,QNNMTLDQMR,10,10,10,1.0,1.0
4678,LENSLGGLK,LENSLGGLK,9,9,9,1.0,1.0
4690,LGMGESPVTGNTCDNVK,GMGESNPVTGNTCDNVK,16,17,17,0.9411764705882353,0.9411764705882353
4702,VLNVLNGK,VLNVLNGK,8,8,8,1.0,1.0
4728,RVELEVK,RVELEVK,7,7,7,1.0,1.0
4729,LEGVPESNLSR,LEGVPESNLSR,11,11,11,1.0,1.0
4763,DPQLQVVTNK,DPQLQVVTNK,10,10,10,1.0,1.0
4777,VQSQPELNDADK,VQSMPELNDADK,11,12,12,0.9166666666666666,0.9166666666666666
4781,AGVLAEVR,AGVLAEVR,8,8,8,1.0,1.0
4785,GEFGEQAVAAHK,GEGFQQAVAAHK,10,12,12,0.8333333333333334,0.8333333333333334
4806,LEVVVNER,LEVVVNER,8,8,8,1.0,1.0
4845,LFVDEGPSMK,LFVDEGPSMK,10,10,10,1.0,1.0
4869,VDRPTAECAAALDK,VDRPTAECAAALDK,14,14,14,1.0,1.0
4883,SLNNDTLTLR,TVNNDTLTLR,8,10,10,0.8,0.8
4886,VWVVEGSK,VWVVEGSK,8,8,8,1.0,1.0
4893,ELYEVER,ELYEVER,7,7,7,1.0,1.0
4900,QLAYPLNK,QLAYPLNK,8,8,8,1.0,1.0
4907,ALLSDVNASDEDR,ALLSDVNASDEDR,13,13,13,1.0,1.0
4908,YTQLLER,YTQLLER,7,7,7,1.0,1.0
4919,LPSDAGSNLTYR,LPSDAGSNLTYR,12,12,12,1.0,1.0
4935,NMSTYVDYK,NMSTYVDYK,9,9,9,1.0,1.0
4936,FQTTEYPTYK,FQTTEYPTYK,10,10,10,1.0,1.0
4938,DDLGSFPNGER,DDLGSFPNGER,11,11,11,1.0,1.0
4948,SFSGEGALADDAGNVSR,AYSGEGALADDAGNVSR,15,17,17,0.8823529411764706,0.8823529411764706
4968,YDSSATLDEMK,YDSSATLDEMK,11,11,11,1.0,1.0
4993,VAVFTQGANAEAAK,VAVFTQGANAEAAK,14,14,14,1.0,1.0
5000,AALTAELR,AALTAELR,8,8,8,1.0,1.0
5034,LLVQEMGESSK,LLVQEMGESSK,11,11,11,1.0,1.0
5056,YTQLLER,YTQLLER,7,7,7,1.0,1.0
5068,VGSLGWANK,VGSLGWANK,9,9,9,1.0,1.0
5070,RVELEVK,RVELEVK,7,7,7,1.0,1.0
5071,LEGVPESNLSK,LEGVPESNLSR,10,11,11,0.9090909090909091,0.9090909090909091
5107,DPQLQVVTNK,DPQLQVVTNK,10,10,10,1.0,1.0
5128,AGVLAEVR,AGVLAEVR,8,8,8,1.0,1.0
5155,FLSSAAYGQGPGR,LFSSAAYNAGPGR,10,13,13,0.7692307692307693,0.7692307692307693
5170,GLDLSAPR,GEGFQQAVAAHK,2,8,12,0.25,0.16666666666666666
5210,VYAALEAGNK,VYAALEAGDK,9,10,10,0.9,0.9
5213,VDRPTAECAAALDK,VDRPTAECAAALDK,14,14,14,1.0,1.0
5214,EDMSMQALR,EDMSMQALR,9,9,9,1.0,1.0
5231,VWVVEGSK,VWVVEGSK,8,8,8,1.0,1.0
5243,QLAYPLNK,QLAYPLNK,8,8,8,1.0,1.0
5253,ALLSDVNASDEDR,ALLSDVNASDEDR,13,13,13,1.0,1.0
5275,FQTETYPTYK,FQTTEYPTYK,9,10,10,0.9,0.9
5276,NMSTYVDYK,NMSTYVDYK,9,9,9,1.0,1.0
5279,DDLGSFPNGER,DDLGSFPNGER,11,11,11,1.0,1.0
5304,MDYDTLDEMK,YDSSATLDEMK,8,10,11,0.8,0.7272727272727273
5333,SFGAPTLTK,SFGAPTLTK,9,9,9,1.0,1.0
5337,LYLVDQNDR,LYLVDQNDR,9,9,9,1.0,1.0
5376,VATVSLPR,VATVSLPR,8,8,8,1.0,1.0
5410,RVELEVK,RVELEVK,7,7,7,1.0,1.0
5411,VGSLGWANK,VGSLGWANK,9,9,9,1.0,1.0
5447,SSDLQPAPVAGMK,SSDLQPAPVAGMK,13,13,13,1.0,1.0
5465,AGVLAEVR,AGVLAEVR,8,8,8,1.0,1.0
5495,LEVVVNER,LEVVVNER,8,8,8,1.0,1.0
5496,AVVTPLPR,AVVTPLPR,8,8,8,1.0,1.0
5500,LLDATNNQLPQDR,LLDATNNQLPQDR,13,13,13,1.0,1.0
5509,LLNYTNTEMK,LLNYTNTEMK,10,10,10,1.0,1.0
5517,DDPGELYNGTK,LEPGELYNGTK,9,11,11,0.8181818181818182,0.8181818181818182
5524,FWVESEK,FWVESEK,7,7,7,1.0,1.0
5532,FLASYGTSYK,FLASYGTSYK,10,10,10,1.0,1.0
5539,VSDELSESPMVDK,LSDEVTDSPMVDK,9,13,13,0.6923076923076923,0.6923076923076923
5548,FNDAVLR,FNDAVLR,7,7,7,1.0,1.0
5558,VDRPTAECAAALDK,VDRPTAECAAALDK,14,14,14,1.0,1.0
5569,FNALGEAVK,FNALGEAVK,9,9,9,1.0,1.0
5586,ELPGELYNGTK,LEPGELYNGTK,10,11,11,0.9090909090909091,0.9090909090909091
5590,TGTPAAQLGLK,TGTPAAQLGLK,11,11,11,1.0,1.0
5594,ATALDPLR,ATALDPLR,8,8,8,1.0,1.0
5599,GTCQTYLLGQR,GTCQTYLLGQR,11,11,11,1.0,1.0
5603,ALLSDVNASDEDR,ALLSDVNASDEDR,13,13,13,1.0,1.0
5616,ALMEYDESLR,ALMEYDESLR,10,10,10,1.0,1.0
5635,FQTTEYPTYK,FQTTEYPTYK,10,10,10,1.0,1.0
5637,DDLGSFPNGER,DDLGSFPNGER,11,11,11,1.0,1.0
5640,LAEPPDQAAEK,LALPPDQAAEK,10,11,11,0.9090909090909091,0.9090909090909091
5645,QTTTPSQYVEDGYDQR,QTTTPGTGYVEDGYDQR,14,16,17,0.875,0.8235294117647058
5648,SLSLSVAR,SLSLSVAR,8,8,8,1.0,1.0
5656,VDQLSNDVNAMR,VDQLSNDVNAMR,12,12,12,1.0,1.0
5692,LYGVLER,LYGVLER,7,7,7,1.0,1.0
5701,FLASYSASYK,FLASYGTSYK,8,10,10,0.8,0.8
5735,PSSEVSMLHAR,TSHLTVVVSDR,4,11,11,0.36363636363636365,0.36363636363636365
5736,AGSAVPLVGR,GASAVPLVGR,9,10,10,0.9,0.9
5756,VYVEGAWNR,VYVEGAWNR,9,9,9,1.0,1.0
5772,DLYPLSAK,DLYPLSAK,8,8,8,1.0,1.0
5810,AGSAVPLVGR,GASAVPLVGR,9,10,10,0.9,0.9
5822,VDQLSNDVNAMR,VDQLSNDVNAMR,12,12,12,1.0,1.0
5825,FENMGAQMVK,FENMGAQMVK,10,10,10,1.0,1.0
5866,LATVSLPR,LASVLTPR,6,8,8,0.75,0.75
5869,QATFEEMLAR,QATFEEMLAR,10,10,10,1.0,1.0
5870,AFNQMQPLVDR,AFNEMQPLVDR,10,11,11,0.9090909090909091,0.9090909090909091
5890,LLNYTNTEMK,LLNYTNTEMK,10,10,10,1.0,1.0
5898,AELYAGALSDK,AELYAGALSDK,11,11,11,1.0,1.0
5905,FWVESEK,FWVESEK,7,7,7,1.0,1.0
5912,MQAASGQLQQSHLLK,MQAASGQLQQSHLLK,15,15,15,1.0,1.0
5943,VDRPTAECAAALDK,VDRPTAECAAALDK,14,14,14,1.0,1.0
5947,LEPGELYNGTK,LEPGELYNGTK,11,11,11,1.0,1.0
5955,FNALGEAVK,FNALGEAVK,9,9,9,1.0,1.0
5973,DYETVYGYQTAGR,DYETVYGYQTAGR,13,13,13,1.0,1.0
5985,GTCQTYLLGQR,GTCQTYLLGQR,11,11,11,1.0,1.0
6008,LAHWVGQGATLSDR,LAHWVGQGATLSDR,14,14,14,1.0,1.0
6025,EVPGVQLTNEGDNR,EVPGVQLTNEGDNR,14,14,14,1.0,1.0
6041,VDQLSNDVNAMR,VDQLSNDVNAMR,12,12,12,1.0,1.0
6080,PVASQLGK,QLQLLGK,4,8,7,0.5,0.5714285714285714
6098,LYGVLER,LYGVLER,7,7,7,1.0,1.0
6118,PSSEVSMLHAR,TSHLTVVVSDR,4,11,11,0.36363636363636365,0.36363636363636365
6134,ELVNAYAAVDK,ELEAAYNELK,5,11,10,0.45454545454545453,0.5
6160,SVGTQVDDGTLEVR,SVGTQVDDGTLEVR,14,14,14,1.0,1.0
6195,AGSGYLPEHTLPAK,GASGYLPEHTLPAK,13,14,14,0.9285714285714286,0.9285714285714286
6208,FENMGAQMVK,FENMGAQMVK,10,10,10,1.0,1.0
6234,GVDQLSNDVNGPR,VDQLSNDVNAMR,10,13,12,0.7692307692307693,0.8333333333333334
6252,VYVEQWNR,VYVEGAWNR,7,8,9,0.875,0.7777777777777778
6257,LFGSLTGR,LFGSLGTR,7,8,8,0.875,0.875
6275,NLEVMVK,NLEVMVK,7,7,7,1.0,1.0
6276,DTVELQGEVDK,DTVELQGEVDK,11,11,11,1.0,1.0
6287,FWVESEK,FWVESEK,7,7,7,1.0,1.0
6335,VVLASNGSQVTVSPR,VVLASNGSQVTVSPR,15,15,15,1.0,1.0
6345,TTTPDSAHVASASTLPNR,TTLPDSAHVASASTLPNR,17,18,18,0.9444444444444444,0.9444444444444444
6346,VVLVGNGSQVTVSPR,VVLASNGSQVTVSPR,13,15,15,0.8666666666666667,0.8666666666666667
6352,QGVDADLNGLR,QGVDADLNGLR,11,11,11,1.0,1.0
6361,FGSELLAK,FGSELLAK,8,8,8,1.0,1.0
6408,STCTGVEMFR,STCTGVEMFR,10,10,10,1.0,1.0
6422,VDQLSNDVNAMR,VDQLSNDVNAMR,12,12,12,1.0,1.0
6426,NFLVPQGK,NFLVPQGK,8,8,8,1.0,1.0
6427,STPFAAQVAAER,STPFAAQVAAER,12,12,12,1.0,1.0
6448,TLYPDAETLK,TLYPDAETLK,10,10,10,1.0,1.0
6473,STPFAAQVAAER,STPFAAQVAAER,12,12,12,1.0,1.0
6475,FVVEGDLR,FVVEGDLR,8,8,8,1.0,1.0
6503,SSEVVSMLHAR,TSHLTVVVSDR,5,11,11,0.45454545454545453,0.45454545454545453
6525,TNGTLNAAEATETLR,TNGSLNAAEATETLR,14,15,15,0.9333333333333333,0.9333333333333333
6591,FENMGAQMVK,FENMGAQMVK,10,10,10,1.0,1.0
6592,FWVESEK,FWVESEK,7,7,7,1.0,1.0
6594,YTVTLPDGTK,YTVTLPDGTK,10,10,10,1.0,1.0
6595,LLNLEQAGK,QDLQALLGK,5,9,9,0.5555555555555556,0.5555555555555556
6604,GLSQVTPELVK,VALNEALELAK,4,11,11,0.36363636363636365,0.36363636363636365
6646,PQTDKPVNALLK,TDKPQPVNALLK,10,12,12,0.8333333333333334,0.8333333333333334
6686,PGSTPDQVDVVYK,VPGSPDQVDVVYK,12,13,13,0.9230769230769231,0.9230769230769231
6687,VGTVTPNVAEAVK,VGTVTPNVAEAVK,13,13,13,1.0,1.0
6719,VVLASNGSQVTVSPR,VVLASNGSQVTVSPR,15,15,15,1.0,1.0
6728,TTLPDSAHVASASTLPNR,TTLPDSAHVASASTLPNR,18,18,18,1.0,1.0
6794,VDQLSNDVNAMR,VDQLSNDVNAMR,12,12,12,1.0,1.0
6802,GGSYLYSSEEGFR,GGSYLYSSEEGFR,13,13,13,1.0,1.0
6820,DLLPNPPK,DLLPNPPK,8,8,8,1.0,1.0
6849,FVVEGDLR,FVVEGDLR,8,8,8,1.0,1.0
6866,LSLQLNDGR,LSLQLNDGR,9,9,9,1.0,1.0
6873,EKLLTDDAR,GSLLLTDDAR,7,9,10,0.7777777777777778,0.7
6876,TSHLTVVVSDR,TSHLTVVVSDR,11,11,11,1.0,1.0
6891,YLYELAR,YLYELAR,7,7,7,1.0,1.0
6893,QSSDPYLMVR,QSSDPYLMVR,10,10,10,1.0,1.0
6898,TNGTLNAAEATETLR,TNGSLNAAEATETLR,14,15,15,0.9333333333333333,0.9333333333333333
6901,AYGSTNPLNVVR,AYGSTNPLNVVR,12,12,12,1.0,1.0
6928,STPFAAQVAAER,STPFAAQVAAER,12,12,12,1.0,1.0
6951,EFGVNLAK,EFGVNLAK,8,8,8,1.0,1.0
6968,LAGDLETLR,LAGDLETLR,9,9,9,1.0,1.0
6977,TSHLTVVVSDR,TSHLTVVVSDR,11,11,11,1.0,1.0
6985,AGSGYLPEHTLPAK,GASGYLPEHTLPAK,13,14,14,0.9285714285714286,0.9285714285714286
6986,TVVVALER,SLVVALER,6,8,8,0.75,0.75
6999,WVDPSFDQSK,WVDPSFDQSK,10,10,10,1.0,1.0
7001,KLDGELFYHR,AYDGELFYHR,8,10,10,0.8,0.8
7021,VLDLVEPTEK,LVDLVEPTEK,9,10,10,0.9,0.9
7037,LGLMAGYQESR,LGLMAGYQESR,11,11,11,1.0,1.0
7052,SMLDVVR,SMLDVVR,7,7,7,1.0,1.0
7069,PGSSPDQVDVVYK,VPGSPDQVDVVYK,12,13,13,0.9230769230769231,0.9230769230769231
7087,EMLLSEVR,EMLLSEVR,8,8,8,1.0,1.0
7110,RDDEVLVLTGK,RDDEVLVLTGK,11,11,11,1.0,1.0
7129,LFNELGPR,LFNELGPR,8,8,8,1.0,1.0
7135,SAYALGASLGR,SAYALGASLGR,11,11,11,1.0,1.0
7149,NQYYGLTAGPAYR,NQYYGLTAGPAYR,13,13,13,1.0,1.0
7160,LANFLDK,LANLFDK,6,7,7,0.8571428571428571,0.8571428571428571
7161,QMELTPALR,QMELTPALR,9,9,9,1.0,1.0
7166,FMVANNAELER,FMVANNAELER,11,11,11,1.0,1.0
7171,EVTSLQFTAR,EVTSLQFTAR,10,10,10,1.0,1.0
7175,VDQLSNDVNAMR,VDQLSNDVNAMR,12,12,12,1.0,1.0
7183,GGSYLYSSEEGFR,GGSYLYSSEEGFR,13,13,13,1.0,1.0
7228,FTEGFDLENGK,FTEGFDLENGK,11,11,11,1.0,1.0
7246,FTAEGVQELDYK,FTAEGVQELDYK,12,12,12,1.0,1.0
7251,TSHLTVVVSDR,TSHLTVVVSDR,11,11,11,1.0,1.0
7259,LAHWVGQQTLSDR,LAHWVGQGATLSDR,12,13,14,0.9230769230769231,0.8571428571428571
7272,FQDVYQDYGR,AYGSTNPLNVVR,3,10,12,0.3,0.25
7277,GTPEYNLSLGQR,GTPEYNLSLGER,11,12,12,0.9166666666666666,0.9166666666666666
7283,GTPEYNLSLGQR,GTPEYNLSLGER,11,12,12,0.9166666666666666,0.9166666666666666
7290,LMDLGCYR,LMDLGCYR,8,8,8,1.0,1.0
7295,EALSYTPGVSAVDK,EALSYTPGVSVGTR,11,14,14,0.7857142857142857,0.7857142857142857
7309,APEHTLPAK,GASGYLPEHTLPAK,9,9,14,1.0,0.6428571428571429
7314,DLTADVLK,DLTADVLK,8,8,8,1.0,1.0
7363,NNLDNGLEQLR,NNLDNAVEQLR,9,11,11,0.8181818181818182,0.8181818181818182
7369,TVVVALER,SLVVALER,6,8,8,0.75,0.75
7375,GAWVAVVNR,GAWVAVVNR,9,9,9,1.0,1.0
7388,QNTFFVTNSGVQNR,QNTFFVTNSGVQNR,14,14,14,1.0,1.0
7402,VNGLHYFSDNK,VDGLHYFSDNK,10,11,11,0.9090909090909091,0.9090909090909091
7403,VLDLVEPTEK,LVDLVEPTEK,9,10,10,0.9,0.9
7417,QQLGLSPQDSLASR,QQLGLSPQDSLGTR,12,14,14,0.8571428571428571,0.8571428571428571
7423,VGGSTYQVPVEVR,QSLEASLAETEGR,4,13,13,0.3076923076923077,0.3076923076923077
7424,GAGDYDGYNQFVVHR,VSDYDGYNQFVVHR,12,15,14,0.8,0.8571428571428571
7434,VSDYDGYNQFVVHR,VSDYDGYNQFVVHR,14,14,14,1.0,1.0
7449,VQFLDEPVK,VQFLDEPVK,9,9,9,1.0,1.0
7463,GPLPLPTR,GPLPLPTR,8,8,8,1.0,1.0
7530,LFNELGPR,LFNELGPR,8,8,8,1.0,1.0
7531,MQAASGQLQQSHLLK,MQAASGQLQQSHLLK,15,15,15,1.0,1.0
7564,GNNVTVSADLYK,GNNLTVSADLYK,11,12,12,0.9166666666666666,0.9166666666666666
7578,STVLAPTTVVTR,RDDEVLVLTGK,4,12,11,0.3333333333333333,0.36363636363636365
7587,GGSYLYSSEEGFR,GGSYLYSSEEGFR,13,13,13,1.0,1.0
7594,DDEVLVLTGK,DDEVLVLTGK,10,10,10,1.0,1.0
7636,QSVEADLNAVR,QSVEADLNGLR,9,11,11,0.8181818181818182,0.8181818181818182
7643,ALMEYDESLR,ALMEYDESLR,10,10,10,1.0,1.0
7644,LPLDADLR,LPLDADLR,8,8,8,1.0,1.0
7648,FTAEGVQELDYK,ADLALLATAQNGNK,4,12,14,0.3333333333333333,0.2857142857142857
7650,TSHLTVVVSDR,TSHLTVVVSDR,11,11,11,1.0,1.0
7662,LAHWVGQGATLSDR,LAHWVGQGATLSDR,14,14,14,1.0,1.0
7673,FQDVGSFDYGR,FQDVGSFDYGR,11,11,11,1.0,1.0
7677,FVLESVNGKPVTSDK,FVLESVNGKPVTSDK,15,15,15,1.0,1.0
7683,SVPYQVSVPYQVSNS,MQAASGQLQQSHLLK,4,15,15,0.26666666666666666,0.26666666666666666
7686,GTPEYNLSLGQR,GTPEYNLSLGER,11,12,12,0.9166666666666666,0.9166666666666666
7690,SMLDVVR,SMLDVVR,7,7,7,1.0,1.0
7693,LMDLGCYR,LMDLGCYR,8,8,8,1.0,1.0
7694,ALDVASVVR,ALDVASVVR,9,9,9,1.0,1.0
7696,VATVSLPR,VATVSLPR,8,8,8,1.0,1.0
7715,ALDFSDGYYK,ALDFSDGYYK,10,10,10,1.0,1.0
7720,DLTADVLK,DLTADVLK,8,8,8,1.0,1.0
7721,EEVPDNPPNELYATAQQK,EEVPDNPPNELYATAQQK,18,18,18,1.0,1.0
7740,QQLGLSPQDSLASR,QQLGLSPQDSLGTR,12,14,14,0.8571428571428571,0.8571428571428571
7753,FTEGFDLENGK,FTEGFDLENGK,11,11,11,1.0,1.0
7755,NLSLLQAR,NLSLLQAR,8,8,8,1.0,1.0
7757,EGTDLFLK,EGTDLFLK,8,8,8,1.0,1.0
7766,NNLDNVAEQLR,NNLDNAVEQLR,10,11,11,0.9090909090909091,0.9090909090909091
7770,TVVVALER,SLVVALER,6,8,8,0.75,0.75
7777,YSGSPFPPFTTSETPR,YSGSSYPFPTTSETPR,14,16,16,0.875,0.875
7779,AVAAALEQMPR,AVAAALEQMPR,11,11,11,1.0,1.0
7791,TPPAAVLLK,TPPAAVLLK,9,9,9,1.0,1.0
7803,LAYVTFESGR,LAYVTFESGR,10,10,10,1.0,1.0
7809,QLFYHR,AYDGELFYHR,5,6,10,0.8333333333333334,0.5
7822,VSDYDGYNQFVVHR,VSDYDGYNQFVVHR,14,14,14,1.0,1.0
7844,VQFLDEPVK,VQFLDEPVK,9,9,9,1.0,1.0
7847,VSDYDGYNQFVVHR,VSDYDGYNQFVVHR,14,14,14,1.0,1.0
7851,LGLMAGYQESR,LGLMAGYQESR,11,11,11,1.0,1.0
7866,GVNVLADAVK,GVNVLADAVK,10,10,10,1.0,1.0
7893,LAVMWSEK,LAVMWSEK,8,8,8,1.0,1.0
7901,VAFQAVLK,VAFQAVLK,8,8,8,1.0,1.0
7924,SDVMPDGFDGTPDGEK,SDVMVVGFDGTPDGEK,14,16,16,0.875,0.875
7928,LFNELGPR,LFNELGPR,8,8,8,1.0,1.0
7929,PYQSGQLQQSHLLK,MQAASGQLQQSHLLK,12,14,15,0.8571428571428571,0.8
7933,LVADLLR,LVADLLR,7,7,7,1.0,1.0
7934,GGTLYVGYVYGVSNNCK,GGTLLPVQTAQGVSNNCK,12,17,18,0.7058823529411765,0.6666666666666666
7951,LAYVTFESGR,LAYVTFESGR,10,10,10,1.0,1.0
7969,GLDGLTAQLK,GLDGLTAQLK,10,10,10,1.0,1.0
7974,AALLDCLAPDR,AALLDCLAPDR,11,11,11,1.0,1.0
7992,AFNEMQPLVDR,AFNEMQPLVDR,11,11,11,1.0,1.0
8005,VALANVLK,VALANVLK,8,8,8,1.0,1.0
8013,YEYSVAEYYTER,YEYSVAEYYTER,12,12,12,1.0,1.0
8018,WQSTSVNDVLR,WQSTSVNDVLR,11,11,11,1.0,1.0
8031,AFNEMQPLVDR,AFNEMQPLVDR,11,11,11,1.0,1.0
8033,AALLDCLAPDR,AALLDCLAPDR,11,11,11,1.0,1.0
8040,YAYAYAGVGDLLK,YAGVGDLLK,9,13,9,0.6923076923076923,1.0
8043,VHLLNLEK,VHLLNLEK,8,8,8,1.0,1.0
8052,TSHLTVVVSDR,TSHLTVVVSDR,11,11,11,1.0,1.0
8055,FTADALATAQNGNK,FTAEGVQELDYK,5,14,12,0.35714285714285715,0.4166666666666667
8067,AADMTGADLEAMTR,AADMTGADLEAMTR,14,14,14,1.0,1.0
8070,DGSVVVLGYTDR,DGSVVVLGYTDR,12,12,12,1.0,1.0
8086,FQDVGSFDYGR,FQDVGSFDYGR,11,11,11,1.0,1.0
8092,SSLQFLDPK,SSLQFLDPK,9,9,9,1.0,1.0
8097,TQPAMPANMELTDQNR,TQPAMPANMELTDGGQR,15,16,17,0.9375,0.8823529411764706
8120,LMDLGCYR,LMDLGCYR,8,8,8,1.0,1.0
8123,NLTSQMVEYGQVK,NLTSQMVEYGQVK,13,13,13,1.0,1.0
8129,FDAMEAFSVLNEAVK,FDSVLNEAVK,10,15,10,0.6666666666666666,1.0
8154,SDVLSAGGGQSLQGR,DDVLVSPQTVQVK,6,15,13,0.4,0.46153846153846156
8164,EGTDLFLK,EGTDLFLK,8,8,8,1.0,1.0
8179,TVVVALER,SLVVALER,6,8,8,0.75,0.75
8197,APVVVPAGVDVK,APVVVPAGVDVK,12,12,12,1.0,1.0
8209,LAYVTFESGR,LAYVTFESGR,10,10,10,1.0,1.0
8216,LSELSEGQLDTLR,LSELSEGQLDTLR,13,13,13,1.0,1.0
8226,ALNELNQFYQK,ALNELNQFYQK,11,11,11,1.0,1.0
8238,DGNTLEYDRSAMEM,DGNTLEYDGMTMER,10,14,14,0.7142857142857143,0.7142857142857143
8254,VSDYDGYNQFVVHR,VSDYDGYNQFVVHR,14,14,14,1.0,1.0
8270,SFVAVHNQPGLYVGQQAR,SFVAVHNQPGLYVGQQAR,18,18,18,1.0,1.0
8273,MMLLLNAVEK,LLEELGQVEK,6,10,10,0.6,0.6
8277,GVNVLADAVK,GVNVLADAVK,10,10,10,1.0,1.0
8289,AVEGTPFECLK,AVEGTPFECLK,11,11,11,1.0,1.0
8294,SLEQYFGR,SLEQYFGR,8,8,8,1.0,1.0
8304,LAVMWSEK,LAVMWSEK,8,8,8,1.0,1.0
8306,VAFQAVLK,VAFQAVLK,8,8,8,1.0,1.0
8310,EAPLALELDHDK,EAPLALELDHDK,12,12,12,1.0,1.0
8331,LVADLLR,LVADLLR,7,7,7,1.0,1.0
8332,LFNELGPR,LFNELGPR,8,8,8,1.0,1.0
8344,MQAASGQLQQSHLLK,MQAASGQLQQSHLLK,15,15,15,1.0,1.0
8346,MQAASGQLQQSHLLK,MQAASGQLQQSHLLK,15,15,15,1.0,1.0
8372,GLDGLTAQLK,GLDGLTAQLK,10,10,10,1.0,1.0
8377,AVAAGMNPMDLK,AVAAGMNPMDLK,12,12,12,1.0,1.0
8383,SAVSNTLENEFK,TGVSNTLENEFK,10,12,12,0.8333333333333334,0.8333333333333334
8384,GGYGYVVVVVHNHVVLK,GYVVTNNHVVDNATVLK,10,17,17,0.5882352941176471,0.5882352941176471
8407,VALANVLK,VALANVLK,8,8,8,1.0,1.0
8418,YEYSVAEYYTER,YEYSVAEYYTER,12,12,12,1.0,1.0
8419,QDHLLLR,GASNTYDHLLLR,6,7,12,0.8571428571428571,0.5
8424,VANLGSLGDQVNVK,ATAAMMVPFDSLK,4,14,13,0.2857142857142857,0.3076923076923077
8435,LLADDLVPSR,LLADDLVPSR,10,10,10,1.0,1.0
8441,QGEFQYPLYR,QGEFQYPLYR,10,10,10,1.0,1.0
8446,EAPLALELDHDK,EAPLALELDHDK,12,12,12,1.0,1.0
8453,DGSVVVLGYTDR,DGSVVVLGYTDR,12,12,12,1.0,1.0
8471,VTLLDPNGRPPVR,VTLLDPNGRPPVR,13,13,13,1.0,1.0
8478,CGAEDVLVDEQLLGTATGK,LVDEQPGAECQLLGTATGK,13,19,19,0.6842105263157895,0.6842105263157895
8480,DDTWVTLR,DDTWVTLR,8,8,8,1.0,1.0
8484,DGSVVVLGYTDR,DGSVVVLGYTDR,12,12,12,1.0,1.0
8489,QALTQLEALNNR,QALTQLEALDNR,11,12,12,0.9166666666666666,0.9166666666666666
8490,NGDTLLVQVK,DGDTLLVQVK,9,10,10,0.9,0.9
8491,PSLDLLR,VTLDPLR,4,7,7,0.5714285714285714,0.5714285714285714
8504,SSLQFLDPK,SSLQFLDPK,9,9,9,1.0,1.0
8524,WQSTSVNDVLR,WQSTSVNDVLR,11,11,11,1.0,1.0
8532,VFQTHSPVVDSLSVK,VFQTHSPVVDSLSVK,15,15,15,1.0,1.0
8535,NLTSQMVEYGQVK,NLTSQMVEYGQVK,13,13,13,1.0,1.0
8536,LMDLGCYR,LMDLGCYR,8,8,8,1.0,1.0
8542,DVFLNAGLK,DVFLNAGLK,9,9,9,1.0,1.0
8560,VATVSLPR,VATVSLPR,8,8,8,1.0,1.0
8570,NLSLLQAR,NLSLLQAR,8,8,8,1.0,1.0
8577,VTLLDPNGRPPVR,VTLLDPNGRPPVR,13,13,13,1.0,1.0
8613,DEVLLTLNK,DEVLLTLNK,9,9,9,1.0,1.0
8617,MVPFDLSK,LALYELSK,3,8,8,0.375,0.375
8633,LSELSEGQLDTLR,LSELSEGQLDTLR,13,13,13,1.0,1.0
8646,LAYVTFESGR,LAYVTFESGR,10,10,10,1.0,1.0
8651,QGEFQYPLYR,EFADNLDSDFK,3,10,11,0.3,0.2727272727272727
8658,SLVVALER,SLVVALER,8,8,8,1.0,1.0
8668,EAPLALELDHDK,EAPLALELDHDK,12,12,12,1.0,1.0
8671,LQLVGVGYR,LQLVGVGYR,9,9,9,1.0,1.0
8679,LVNGVVELPK,VLNGVVELPK,9,10,10,0.9,0.9
8688,SLDVDANTNGNLVLR,SLDVDANTNGQVVLR,13,15,15,0.8666666666666667,0.8666666666666667
8704,AVLVLMGDDPK,AVLVLMGDDPK,11,11,11,1.0,1.0
8705,QVLGQVAADLR,QVLGQVAADLR,11,11,11,1.0,1.0
8719,AVEGTPFECLK,AVEGTPFECLK,11,11,11,1.0,1.0
8727,SLEQYFGR,SLEQYFGR,8,8,8,1.0,1.0
8743,EAPLALELDHDK,EAPLALELDHDK,12,12,12,1.0,1.0
8748,VAFQAVLK,VAFQAVLK,8,8,8,1.0,1.0
8757,GPLGPFPPADK,GPLYFPPADK,9,11,10,0.8181818181818182,0.9
8764,GVSADQLSLVSYGK,GVSADQLSLVSYGK,14,14,14,1.0,1.0
8772,LVADLLR,LVADLLR,7,7,7,1.0,1.0
8779,DFAGAQNLLAK,DFAGAQNLLAK,11,11,11,1.0,1.0
8788,LFNELGPR,LFNELGPR,8,8,8,1.0,1.0
8819,TGVSNTLENEFK,TGVSNTLENEFK,12,12,12,1.0,1.0
8821,LGAELVDLGK,LGAELVDLGK,10,10,10,1.0,1.0
8829,VLYEMDGVPEELAR,VLYEMDGVPEELAR,14,14,14,1.0,1.0
8835,AFNEMQPLVDR,AFNEMQPLVDR,11,11,11,1.0,1.0
8854,PSVPSVVTTASPSSEGVR,VELPGVATTASPSSEVGR,13,18,18,0.7222222222222222,0.7222222222222222
8855,EAYFAAFR,EAYFAAFR,8,8,8,1.0,1.0
8875,VANLGSLNGEVNVK,VANLGSLGDQVNVK,12,14,14,0.8571428571428571,0.8571428571428571
8884,VLELQGLAGTSAAR,VLELQGLAGTSAAR,14,14,14,1.0,1.0
8895,VLELQGLAGTSAAR,VLELQGLAGTSAAR,14,14,14,1.0,1.0
8897,KVPQVSTPTLVEVSR,KVPQVSTPTLVEVSR,15,15,15,1.0,1.0
8898,VVGQLGQVLGPR,VVGQLGQVLGPR,12,12,12,1.0,1.0
8909,AQYDTVLANEVTAR,AQYDTVLANEVTAR,14,14,14,1.0,1.0
8914,VVGQLGQVLGPR,VVGQLGQVLGPR,12,12,12,1.0,1.0
8926,PGAECQLVDEQLLGTATGK,LVDEQPGAECQLLGTATGK,14,19,19,0.7368421052631579,0.7368421052631579
8928,NALTDTPLLR,NALTDTPLLR,10,10,10,1.0,1.0
8932,DGSVVVLGYTDR,DGSVVVLGYTDR,12,12,12,1.0,1.0
8933,QALTQLEALDNR,QALTQLEALDNR,12,12,12,1.0,1.0
8942,PSLDLLR,VTLDPLR,4,7,7,0.5714285714285714,0.5714285714285714
8958,LVADSLTSQLER,LVADSLTSQLER,12,12,12,1.0,1.0
8964,NLGLYPELK,NLGLYPELK,9,9,9,1.0,1.0
8981,VFQTHSPVVDSLSVK,VFQTHSPVVDSLSVK,15,15,15,1.0,1.0
8989,VFQTHSPVVDSLSVK,VFQTHSPVVDSLSVK,15,15,15,1.0,1.0
8993,GDALEMLDR,GDALEMLDR,9,9,9,1.0,1.0
9042,VPLPPLTEER,VPLPPLTEER,10,10,10,1.0,1.0
9047,GAFVSQVLPNSSAAK,GAFVSQVLPNSSAAK,15,15,15,1.0,1.0
9059,VPLPPLTEER,VPLPPLTEER,10,10,10,1.0,1.0
9084,VLELQGLAGTSAAR,VLELQGLAGTSAAR,14,14,14,1.0,1.0
9085,VVGQLGQVLGPR,VVGQLGQVLGPR,12,12,12,1.0,1.0
9087,LSELSEGQLDTLR,LSELSEGQLDTLR,13,13,13,1.0,1.0
9092,VGEEVELVGLK,VGEEVELVGLK,11,11,11,1.0,1.0
9116,LVLVGQSPNAELSAR,VLLVGQSPNAELSAR,14,15,15,0.9333333333333333,0.9333333333333333
9148,AVLVLMGDDPK,AVLVLMGDDPK,11,11,11,1.0,1.0
9150,DAADSCDQFFVNHR,DAALSCDQFFVNHR,13,14,14,0.9285714285714286,0.9285714285714286
9175,GAVVFDNTEFR,GAVVFDNTEFR,11,11,11,1.0,1.0
9177,SLEQYFGR,SLEQYFGR,8,8,8,1.0,1.0
9204,SDVVMVGFDGTPDGEK,SDVMVVGFDGTPDGEK,15,16,16,0.9375,0.9375
9205,AAPAPAPAPAPAPAPAPAPEVQTK,FGQGEAAPVVAPAPAPAPEVQTK,16,24,23,0.6666666666666666,0.6956521739130435
9220,LVADLLR,LVADLLR,7,7,7,1.0,1.0
9223,VAFTALVEK,VAFTALVEK,9,9,9,1.0,1.0
9224,QPLELVDMVEK,QPLELVDMVEK,11,11,11,1.0,1.0
9227,DFAGAQNLLAK,DFAGAQNLLAK,11,11,11,1.0,1.0
9244,LNALESLTLASK,LNALETVTLASK,10,12,12,0.8333333333333334,0.8333333333333334
9265,LGAELVDLGK,LGAELVDLGK,10,10,10,1.0,1.0
9274,VLYEMDGVPEELAR,VLYEMDGVPEELAR,14,14,14,1.0,1.0
9275,PGVAPGVATTASPSSEVGR,VELPGVATTASPSSEVGR,16,19,18,0.8421052631578947,0.8888888888888888
9276,AGLALNDNFVK,AGLALNDNFVK,11,11,11,1.0,1.0
9284,LLDQATAELVETAK,LLDQATAELVETAK,14,14,14,1.0,1.0
9290,VFMQPASEGTGLLAGAGMR,VFMQPASEGTGLLAGGAMR,18,19,19,0.9473684210526315,0.9473684210526315
9302,NTGFLDPVNYR,QSGFLDPVNYR,9,11,11,0.8181818181818182,0.8181818181818182
9305,EVFQMALR,EVFQMALR,8,8,8,1.0,1.0
9331,VLELQGLAGTSAAR,VLELQGLAGTSAAR,14,14,14,1.0,1.0
9333,QLAMGVDGANEVYNELR,QLAMGVDGANEVYNELR,17,17,17,1.0,1.0
9347,KVPQVSTPTLVEVSR,KVPQVSTPTLVEVSR,15,15,15,1.0,1.0
9348,VVGQLGQVLGPR,VVGQLGQVLGPR,12,12,12,1.0,1.0
9359,QATFEEMLAR,QATFEEMLAR,10,10,10,1.0,1.0
9371,NALTDTPLLR,NALTDTPLLR,10,10,10,1.0,1.0
9372,DGSVVVLGYESR,DGSVVVLGYTDR,10,12,12,0.8333333333333334,0.8333333333333334
9373,QTALVELVK,QTALVELVK,9,9,9,1.0,1.0
9379,QALTQLEALDNR,QALTQLEALDNR,12,12,12,1.0,1.0
9383,PSLDLLR,VTLDPLR,4,7,7,0.5714285714285714,0.5714285714285714
9399,MQQLDTVLSAK,MQQLDSLLSAK,9,11,11,0.8181818181818182,0.8181818181818182
9400,LVADSLTSQLER,LVADSLTSQLER,12,12,12,1.0,1.0
9409,NLEFFEAR,NLEFFEAR,8,8,8,1.0,1.0
9412,AMQWMPLSQK,AMQWMPLSQK,10,10,10,1.0,1.0
9424,VYVTFLNDK,VYVTFLNDK,9,9,9,1.0,1.0
9435,FPALLYGGK,FPALLYGGK,9,9,9,1.0,1.0
9461,AALLDCLAPDR,AALLDCLAPDR,11,11,11,1.0,1.0
9499,QEAEADDYSYDLLR,QEAEADDYSYDLLR,14,14,14,1.0,1.0
9507,LFNELGPR,LFNELGPR,8,8,8,1.0,1.0
9521,AEMSEYLFDK,AEMSEYLFDK,10,10,10,1.0,1.0
9534,TLLAVELK,TLLAVELK,8,8,8,1.0,1.0
9539,LGTTTELPGLAEK,LGTTEVLPGLAEK,12,13,13,0.9230769230769231,0.9230769230769231
9573,SPQFWSPAWSPDGSK,SPQPLMSPAWSPDGSK,13,15,16,0.8666666666666667,0.8125
9574,SNALGLMQLK,SNALGLMQLK,10,10,10,1.0,1.0
9588,VGLLEAGVHQVVAK,AVLEVAGVHNVLAK,10,14,14,0.7142857142857143,0.7142857142857143
9607,YSGFLNNYSDLK,YSGFLNNYSDLK,12,12,12,1.0,1.0
9623,GAVVFDNTEFR,GAVVFDNTEFR,11,11,11,1.0,1.0
9647,NADLPLAQAALDR,NADLPLAQAALDR,13,13,13,1.0,1.0
9660,VAFTALVEK,VAFTALVEK,9,9,9,1.0,1.0
9662,FFWQQTGQDR,FFWQQTGQDR,10,10,10,1.0,1.0
9673,LTLMSDDLTNVTVK,LTLMSDDLTNVTVK,14,14,14,1.0,1.0
9683,LNALESLTLASK,LNALETVTLASK,10,12,12,0.8333333333333334,0.8333333333333334
9685,DMTCQEFLDLNPK,DMTCQEFLDLNPK,13,13,13,1.0,1.0
9694,LLTLAVPR,LLTLAVPR,8,8,8,1.0,1.0
9701,NADLPLAQAAVQR,NADLPLAQAALDR,11,13,13,0.8461538461538461,0.8461538461538461
9703,KTYTKPELELTLK,VEGDTKPELELTLK,10,13,14,0.7692307692307693,0.7142857142857143
9706,DLQQTTQLLDPAK,DLQQTTQLLDPAK,13,13,13,1.0,1.0
9719,LLDQATAELVETAK,LLDQATAELVETAK,14,14,14,1.0,1.0
9720,LVNELTEFAK,LVNELTEFAK,10,10,10,1.0,1.0
9721,VMLLDSGDPNGPLSR,VMLLDSGDPNGPLSR,15,15,15,1.0,1.0
9726,SFFDNPQMALAK,SFFDNPQMALAK,12,12,12,1.0,1.0
9732,FNLSDTQVSLTPDK,FNLDSTQVSLTPDK,13,14,14,0.9285714285714286,0.9285714285714286
9740,NTGFLDPVNYR,QSGFLDPVNYR,9,11,11,0.8181818181818182,0.8181818181818182
9741,LDALYLPR,LQLGPFASK,3,8,9,0.375,0.3333333333333333
9748,QLVLNCGEEPSVVANTVK,QLVLNCGEEPSVVANTVK,18,18,18,1.0,1.0
9756,TQFTGDTASLLVENGR,TQFTGDTASLLVENGR,16,16,16,1.0,1.0
9757,NADLPLAQAALDR,NADLPLAQAALDR,13,13,13,1.0,1.0
9801,APAWVMK,LPAWVMK,6,7,7,0.8571428571428571,0.8571428571428571
9840,NLEFFEAR,NLEFFEAR,8,8,8,1.0,1.0
9861,LAALDLVK,LAALDLVK,8,8,8,1.0,1.0
9887,NGLPSETYLTCAEANEMAK,NGLPSETYLTCAEANEMAK,19,19,19,1.0,1.0
9896,WTLEGLETR,WTLEGLETR,9,9,9,1.0,1.0
9911,LALDGDLLR,LALDGDLLR,9,9,9,1.0,1.0
9914,FNMDDDLTNVTVK,LTLMSDDLTNVTVK,10,13,14,0.7692307692307693,0.7142857142857143
9950,NADLAQAQAALDR,NADLPLAQAALDR,11,13,13,0.8461538461538461,0.8461538461538461
9957,SQQLDVLAEK,TQLLDVLAEK,8,10,10,0.8,0.8
9962,TLLAVELK,TLLAVELK,8,8,8,1.0,1.0
9969,TETGPVLPGLAEK,LGTTEVLPGLAEK,10,13,13,0.7692307692307693,0.7692307692307693
9992,TDGDQVQLNNVNLLGR,TDGDQVQLNNVNLLGR,16,16,16,1.0,1.0
9994,LYTNAEELVGKPFR,LYTNAEELVGKPFR,14,14,14,1.0,1.0
9998,SDVLFNFNK,SDVLFNFNK,9,9,9,1.0,1.0
10001,LATLPTYEEALAR,LATLPTYEEALAR,13,13,13,1.0,1.0
10004,DAQPLMENAYR,DALPLMENAYR,10,11,11,0.9090909090909091,0.9090909090909091
10006,FNAFGDGVAQLGR,FNAFGDGVAQLGR,13,13,13,1.0,1.0
10038,ELWSVSLAEK,ELWSVSLAEK,10,10,10,1.0,1.0
10039,FLLDAPQAVADLSR,FLADDPQAVADLSR,12,14,14,0.8571428571428571,0.8571428571428571
10046,ELGSVNDFLVDGNR,ELGSVNDFLVDGNR,14,14,14,1.0,1.0
10047,FSAGGVGAGVVEHPYK,FSLGAGVGVVEHPYK,13,16,15,0.8125,0.8666666666666667
10052,NECQVMPYPNPADLAR,NECQVMPYPNPADLAR,16,16,16,1.0,1.0
10058,TDGDQLNLNNVNLLGR,TDGDQVQLNNVNLLGR,14,16,16,0.875,0.875
10064,ALLAQEPLLGAK,ALLAQEPLLGAK,12,12,12,1.0,1.0
10070,NECQVQPYPNPADLAR,NECQVMPYPNPADLAR,15,16,16,0.9375,0.9375
10099,ELALLLQR,ELALLLQR,8,8,8,1.0,1.0
10104,MLPTQLVNVK,MLPTQLVNVK,10,10,10,1.0,1.0
10118,QMLMVLAPK,QMLMVLAPK,9,9,9,1.0,1.0
10150,LFNELGPR,LFNELGPR,8,8,8,1.0,1.0
10169,ARQSVVVDYLSK,RAQSVVDYLLSK,10,12,12,0.8333333333333334,0.8333333333333334
10187,NADLPLAQAAVER,NADLPLAQAALDR,11,13,13,0.8461538461538461,0.8461538461538461
10188,LNLLDDNQFTR,LNLLDDNQFTR,11,11,11,1.0,1.0
10190,APMAFENPMAFENLK,DLNNESTPMAFENLK,9,15,15,0.6,0.6
10197,GLEDFYYSVGK,GLEDFYYSVGK,11,11,11,1.0,1.0
10211,TEFDVLLK,TEFDVLLK,8,8,8,1.0,1.0
10217,LDVLDSDLPADTGVK,LDVLDSDLPADTGVK,15,15,15,1.0,1.0
10224,FTFTPPQGVTVDDQR,FTFTPPQGVTVDDQR,15,15,15,1.0,1.0
10252,SNALGLMQLK,SNALGLMQLK,10,10,10,1.0,1.0
10272,ETPAPVPTLSPLR,ETPAPVPTLSPLR,13,13,13,1.0,1.0
10278,FTFTPPQGVSLDDQR,FTFTPPQGVTVDDQR,13,15,15,0.8666666666666667,0.8666666666666667
10282,QNEWGTLLR,QNEWGTLLR,9,9,9,1.0,1.0
10296,MANQANLPVLTLDR,MANQANLPVLTLDR,14,14,14,1.0,1.0
10301,DAPASLSVLTQEDLQR,DAPASLSVLTQEDLQR,16,16,16,1.0,1.0
10307,LNGLSPPYTLEVGQK,LNGLSPPYTLEVGQK,15,15,15,1.0,1.0
10321,ADSVASALLTQGVDASR,ADSVASALLTQGVDASR,17,17,17,1.0,1.0
10330,LALDGDLLR,LALDGDLLR,9,9,9,1.0,1.0
10334,LSDDLYVFK,LSDDLYVFK,9,9,9,1.0,1.0
10335,GYGNLLLLK,GYGNLLLLK,9,9,9,1.0,1.0
10342,GSAYGGVLSNFSGTVK,GSAYGGVLSNFSGTVK,16,16,16,1.0,1.0
10343,DMTCQEFLDLNPK,DMTCQEFLDLNPK,13,13,13,1.0,1.0
10376,TDLTELEAFR,TDLTELEAFR,10,10,10,1.0,1.0
10380,TQLLDVLAEK,TQLLDVLAEK,10,10,10,1.0,1.0
10402,ADSVAGTQLTQGVDASR,ADSVASALLTQGVDASR,14,17,17,0.8235294117647058,0.8235294117647058
10412,LVLWLNGDK,LVLWLNGDK,9,9,9,1.0,1.0
10413,TDGDQVQLNNVNLLGR,TDGDQVQLNNVNLLGR,16,16,16,1.0,1.0
10422,SDVLFNFNK,SDVLFNFNK,9,9,9,1.0,1.0
10423,DAQPLMENAYR,DALPLMENAYR,10,11,11,0.9090909090909091,0.9090909090909091
10424,LATLPTYEEALAR,LATLPTYEEALAR,13,13,13,1.0,1.0
10429,GLSPAGLATSFEK,GLSPAGLATSFEK,13,13,13,1.0,1.0
10436,LDVVLNQVTLSDER,LDVVLNQVTLSDER,14,14,14,1.0,1.0
10439,FNVLASQPADFDR,FNVLASQPADFDR,13,13,13,1.0,1.0
10466,ELWSVSLAEK,ELWSVSLAEK,10,10,10,1.0,1.0
10478,FNAFGDGVAQLGR,FNAFGDGVAQLGR,13,13,13,1.0,1.0
10492,ALLAQEPLLGAK,ALLAQEPLLGAK,12,12,12,1.0,1.0
10499,QAPLVLLPR,QAPLVLLPR,9,9,9,1.0,1.0
10544,ELGVLPGPLER,ELGVLPGPLER,11,11,11,1.0,1.0
10584,LVELEAPQLPR,LVELEAPQLPR,11,11,11,1.0,1.0
10588,FMASGPLAGLEDPK,FMALGSGVLLDADK,9,14,14,0.6428571428571429,0.6428571428571429
10605,LNLLDDNQFTR,LNLLDDNQFTR,11,11,11,1.0,1.0
10626,AAVEEGVVAGGGVALLR,AAVEEGVVAGGGVALLR,17,17,17,1.0,1.0
10632,LDLYLTVK,LDLYLTVK,8,8,8,1.0,1.0
10669,GFETPTLNETVYR,GFETPTLNELSYR,11,13,13,0.8461538461538461,0.8461538461538461
10687,SMQDPLADLMTR,SMQDPLADMLTR,11,12,12,0.9166666666666666,0.9166666666666666
10688,FVNLLMVDGK,FVNLLMVDGK,10,10,10,1.0,1.0
10696,VTTAFTFLK,VTTAFTFLK,9,9,9,1.0,1.0
10738,QLALRDQNEVYNELR,QLAMGVDGANEVYNELR,12,15,17,0.8,0.7058823529411765
10761,GYGNLLLLK,GYGNLLLLK,9,9,9,1.0,1.0
10763,GGDGAAPMAYLELVDR,AGDNAPMAYLELVDR,13,16,15,0.8125,0.8666666666666667
10813,WELLQQVDTSTR,WELLQQVDTSTR,12,12,12,1.0,1.0
10815,VFMQPASEGTGLLAGQMR,VFMQPASEGTGLLAGGAMR,17,18,19,0.9444444444444444,0.8947368421052632
10822,EMLPGLQLESPK,EMLPGLQLESPK,12,12,12,1.0,1.0
10826,QDVLGDLMSR,QDVLGDLMSR,10,10,10,1.0,1.0
10831,LGFFETVDTDTQR,LGFFETVDTDTQR,13,13,13,1.0,1.0
10833,STLALTELGDEVR,STLALTELGDEVR,13,13,13,1.0,1.0
10851,SDVLFNFNK,SDVLFNFNK,9,9,9,1.0,1.0
10856,DVDVLYFR,DVDVLYFR,8,8,8,1.0,1.0
10863,GDTSWVPPEMLER,GDTSWVPPEMLER,13,13,13,1.0,1.0
10866,VLYEMDGVPEELAR,VLYEMDGVPEELAR,14,14,14,1.0,1.0
10870,MANQANLPVLTLDR,MANQANLPVLTLDR,14,14,14,1.0,1.0
10876,VLYEMDGVPEELAR,VLYEMDGVPEELAR,14,14,14,1.0,1.0
10880,AAAFEGELLPASQLDR,AAAFEGELLPASQLDR,16,16,16,1.0,1.0
10889,DVTAFTFLK,VTTAFTFLK,8,9,9,0.8888888888888888,0.8888888888888888
10890,SFFDNPQMALAK,SFFDNPQMALAK,12,12,12,1.0,1.0
10915,HNADPMAYLELVDR,AGDNAPMAYLELVDR,12,14,15,0.8571428571428571,0.8
10975,VSQALDLLTYTNK,VSQALDLLTYTNK,13,13,13,1.0,1.0
10977,FALPQYLK,FALPQYLK,8,8,8,1.0,1.0
10983,QAPLVLLPR,QAPLVLLPR,9,9,9,1.0,1.0
10986,VVEPLLTLAK,VVEPLLTLAK,10,10,10,1.0,1.0
10996,EMLPVLEAVAK,EMLPVLEAVAK,11,11,11,1.0,1.0
11026,SMQDPLADLMTR,SMQDPLADMLTR,11,12,12,0.9166666666666666,0.9166666666666666
11029,QNVSSVLLDLR,QNVSSVLLDLR,11,11,11,1.0,1.0
11043,AQSVVDYLLSK,AQSVVDYLLSK,11,11,11,1.0,1.0
11112,SNQMTGLFSTLDEK,SNQMTGLFSTLDEK,14,14,14,1.0,1.0
11196,VTVPLFEGVQK,VTVPLFEGVQK,11,11,11,1.0,1.0
11210,LQLTDSYQLLEK,LQLTDSYQLLEK,12,12,12,1.0,1.0
11285,QTALVELLK,QTALVELLK,9,9,9,1.0,1.0
11351,SLDDFLLK,SLDDFLLK,8,8,8,1.0,1.0
11395,VVEPLLTLAK,VVEPLLTLAK,10,10,10,1.0,1.0
11416,SALVLQTLANQVR,SALVLQTLANGAVR,12,13,14,0.9230769230769231,0.8571428571428571
11428,LTLMSDDLTNVTVK,LTLMSDDLTNVTVK,14,14,14,1.0,1.0
11447,AQSVVDYLLSK,AQSVVDYLLSK,11,11,11,1.0,1.0
11455,ATLLGLGLR,ATLLGLGLR,9,9,9,1.0,1.0
11493,DDAAYYFASVVK,DDAAYYFASVVK,12,12,12,1.0,1.0
11496,LLLLNPTDSDAVGNAVK,LLLLNPTDSDAVGNAVK,17,17,17,1.0,1.0
11587,YLSLLPYTDR,YLSLLPYTDR,10,10,10,1.0,1.0
11614,LGEHNLDVLENGEQFLNAAK,LGEHNLEVLEGNEQFLNAAK,18,20,20,0.9,0.9
11616,EPQGFPNGVLVASGK,EPQGFVADATLNTPNGVLVASGK,15,15,23,1.0,0.6521739130434783
11685,QTALVELLK,QTALVELLK,9,9,9,1.0,1.0
11702,LLDVLLPPAK,LLDVLLPPAK,10,10,10,1.0,1.0
11714,DYFGTGLGLGLR,DYFGTGLGLAVR,10,12,12,0.8333333333333334,0.8333333333333334
11762,LLADLAVFDK,LLADLAVFDK,10,10,10,1.0,1.0
11783,QLPCPAELLR,QLPCPAELLR,10,10,10,1.0,1.0
11828,LAYVVQTNNQFPYELR,LAYVVQTNGGQFPYELR,15,16,17,0.9375,0.8823529411764706
11859,FVNLLMVDGK,FVNLLMVDGK,10,10,10,1.0,1.0
11863,LGEYGFQNALLVR,LGEYGFQNALLVR,13,13,13,1.0,1.0
11888,VNLCYFALSPEDEAR,VNLCYFALSPEDEAR,15,15,15,1.0,1.0
11896,LFDYLTDTGNLPR,LFDYLTDTGNLPR,13,13,13,1.0,1.0
11901,SLLSELVR,SLLSELVR,8,8,8,1.0,1.0
11957,GGMGGMGGMGGMGGMGGGMGGMM,NDAADLGAAGGMGGMGGMGGMM,14,23,22,0.6086956521739131,0.6363636363636364
11974,HDNQWHDNQWWLNFGNGNFNVR,YWHDGGQWNDDAELNFGNGNFNVR,16,22,24,0.7272727272727273,0.6666666666666666
11984,VVNLASYQVSPNDVVSLR,VVNLASYQVSPNDVVSLR,18,18,18,1.0,1.0
12007,EQLPFPELDYDK,EQLLFPELDYDK,11,12,12,0.9166666666666666,0.9166666666666666
12144,FMAVGSGVLLDAKD,FMALGSGVLLDADK,12,14,14,0.8571428571428571,0.8571428571428571
12164,SNTPLNVLALNQPENLENR,SNTPLNVLALNQPENLENR,19,19,19,1.0,1.0
12186,PLLVDPLLVEVDGPGMACTTVAK,LDPLLVAQDGSLSGPGMACTTVAK,18,23,24,0.782608695652174,0.75
12188,GSDDQSDLLLALLQLQNPSK,LLGSDDQSDLALLQLQNPSK,18,20,20,0.9,0.9
12189,MWEFFER,MWEFFER,7,7,7,1.0,1.0
12212,SWTGLLSTGLTYK,SWTGLLSTGLTYK,13,13,13,1.0,1.0
12220,QFPNLDNAYMELSANR,QFPNLDNAYMELGTNR,14,16,16,0.875,0.875
12223,SWLSWSTGLTYK,SWTGLLSTGLTYK,10,12,13,0.8333333333333334,0.7692307692307693
12235,SMQDPLADMLTR,SMQDPLADMLTR,12,12,12,1.0,1.0
12253,GLANGTDVSFGSFGLK,GLAQGTDVSFGSFGLK,15,16,16,0.9375,0.9375
12322,LDGVVPGWTEGLK,LDGVLPGWTEGLK,12,13,13,0.9230769230769231,0.9230769230769231
12333,DYPLYPYLEYR,DYPLYPYLEYR,11,11,11,1.0,1.0
12368,SGETEDAVLDALAVGTAAGQLK,SGETEDATLADLAVGTAAGQLK,20,22,22,0.9090909090909091,0.9090909090909091
12427,SVDVGTWLAGVGYR,SVDVGTWLAGVGYR,14,14,14,1.0,1.0
12461,EGDAVQLVGFGTFK,EGDAVQLVGFGTFK,14,14,14,1.0,1.0
12486,LNDLDADEFLEHVAR,LNDLDADEFLEHVAR,15,15,15,1.0,1.0
12518,SPAFDSVMAETLK,SPAFDSLMAETLK,12,13,13,0.9230769230769231,0.9230769230769231
12594,AVDTVLAELR,GLDTVLAELR,8,10,10,0.8,0.8
12617,ELNADDVVFSFDR,ELNADDVVFSFDR,13,13,13,1.0,1.0
12704,LTGLEGEQLGLVSLR,LTGLEGEQLGLVSLR,15,15,15,1.0,1.0
12765,AMAYAQQDYLENELVMTK,AMAYAQGADYLEQDLVMTK,15,18,19,0.8333333333333334,0.7894736842105263
12784,VAVGAALLSMPVR,VAVGAALLSMPVR,13,13,13,1.0,1.0
12819,YYPLTDDLDLYTR,LGYPLTDDLDLYTR,12,13,14,0.9230769230769231,0.8571428571428571
12882,LLYFEGELDAATNKPVLK,LYFEGELLDAATNKPVLK,17,18,18,0.9444444444444444,0.9444444444444444
12893,LTGMPLPLNSLR,LTGMPLPLNSLR,12,12,12,1.0,1.0
12898,AGDNAPMAYLELVDR,AGDNAPMAYLELVDR,15,15,15,1.0,1.0
12900,LNDLDADEFLEHVAR,LNDLDADEFLEHVAR,15,15,15,1.0,1.0
12923,AGDNAPMAYLELVDR,AGDNAPMAYLELVDR,15,15,15,1.0,1.0
12934,YYPLTDDLDLYTR,LGYPLTDDLDLYTR,12,13,14,0.9230769230769231,0.8571428571428571
12940,LGLSLDGGMSPADWR,LGLSLDGGMSPADWR,15,15,15,1.0,1.0
12979,SLDPGLFDQLYR,SLDPGLFDQLYR,12,12,12,1.0,1.0
13070,HEDMYTALNELLNK,HEDMYTALNELLNK,14,14,14,1.0,1.0
13071,ELPELTAEFLK,ELPELTAEFLK,11,11,11,1.0,1.0
13109,NVDLALAGLTTLDER,NVDLALAGLTLTDER,14,15,15,0.9333333333333333,0.9333333333333333
13117,EMLPVLEAVAK,EMLPVLEAVAK,11,11,11,1.0,1.0
13118,FNVGLVALTDVQNAR,FNVGLVALTDVQNAR,15,15,15,1.0,1.0
13137,LTLVDQELPYVQVK,TLVDQELLPYVQVK,13,14,14,0.9285714285714286,0.9285714285714286
13164,DEVPWWNVVGDR,DEVPWWNVVGDR,12,12,12,1.0,1.0
13171,ANLPPLLSVPVGEK,ANLPPLLSVPVGEK,14,14,14,1.0,1.0
13175,DEVPWWNVVGDR,DEVPWWNVVGDR,12,12,12,1.0,1.0
13185,VVQDGLLPAQLNLAEVR,VVADLAGVPAQLNLAEVR,14,17,18,0.8235294117647058,0.7777777777777778
13280,FLLQEVLEK,FLLQEVLEK,9,9,9,1.0,1.0
13393,MLGANGVTAGSVLLVDSVNNR,MLGADGVTAGSVLLVDSVNNR,20,21,21,0.9523809523809523,0.9523809523809523
13432,QLLQVNPDLLMR,QLLQVNPDLLMR,12,12,12,1.0,1.0
13466,STETNPLYWLR,STETNPLYWLR,11,11,11,1.0,1.0
13479,LQAFEGVVLALR,LQAFEGVVLALR,12,12,12,1.0,1.0
13534,ALDLRPPAQPLALVQSR,ALDLRPPAQPLALVSGAR,16,17,18,0.9411764705882353,0.8888888888888888
13555,HEDMYYLNELLNK,HEDMYTALNELLNK,12,13,14,0.9230769230769231,0.8571428571428571
13610,LSLLFNSVDLK,LSLLFNSVDLK,11,11,11,1.0,1.0
13659,LFLQEVLEK,FLLQEVLEK,8,9,9,0.8888888888888888,0.8888888888888888
13723,LLSLAPEVL,LLSLAPEVL,9,9,9,1.0,1.0
13736,GTTPMLVQSAADDTGLPMLVVR,ASTTMDVQSAADDTGLPMLVVR,19,22,22,0.8636363636363636,0.8636363636363636
13747,NHDSAVSPVPELLEYALTPELATR,NHDTGVSPVFAGGVEYALTPELATR,18,24,25,0.75,0.72
13750,EWYFANNYLYDMGR,EWYFANNYLYDMGR,14,14,14,1.0,1.0
13842,YYALDFTLDELK,YYALDFTLDELK,12,12,12,1.0,1.0
13885,VLALDMGALVAGAK,VLALDMGALVAGAK,14,14,14,1.0,1.0
13908,SLPMFNEALAELNK,TVPMFNEALAELNK,12,14,14,0.8571428571428571,0.8571428571428571
13939,LVQVPFAELVK,LVQVPFAELVK,11,11,11,1.0,1.0
14042,LLDLAAPDLLVR,LLDLAAPDLLVR,12,12,12,1.0,1.0
14067,SLLNQVTYLPLGTQVTDVNR,TVLNQVTYLPLASEVTDVNR,15,20,20,0.75,0.75
14075,TTLTAALTTVLAK,TTLTAALTTVLAK,13,13,13,1.0,1.0
14100,YEEDNSPLGVLGSFTYTEK,YEEDNSPLGVLGSFTYTEK,19,19,19,1.0,1.0
14233,LALDLLEQLK,LALDLLEQLK,10,10,10,1.0,1.0
14364,TLAQQLLDFGELK,TLAQQLLDFGELK,13,13,13,1.0,1.0
14404,SAVYGSDALGGVVNLLTTR,SAVYGSDALGGVVNLLTTR,19,19,19,1.0,1.0
14439,GGPGGETLDEWALWR,LPGGETLDEWALWR,13,15,14,0.8666666666666667,0.9285714285714286
14446,ALVSPEALSVALVTK,ALVSPEALGSLLVTK,13,15,15,0.8666666666666667,0.8666666666666667
14452,LPEYTPDLPELYDALYNK,LPEYTPDVNQLYDALYNK,15,18,18,0.8333333333333334,0.8333333333333334
14594,LLMDQLLLQMGQK,LLMDQLLLQMGQK,13,13,13,1.0,1.0
14600,STPTLLSLMDEGVR,STPTLLSLMDEGVR,14,14,14,1.0,1.0
14680,AVAPESLAVLFNPAR,VAAPESLAVLFNPAR,14,15,15,0.9333333333333333,0.9333333333333333
14707,DATGLDPVSLLAFDK,DATGLDPVSLLAFDK,15,15,15,1.0,1.0
15050,TGSLNLYVMDLASGQLR,TGSLNLYVMDLASGQLR,17,17,17,1.0,1.0
15339,FLVTPPLFAMK,FLVTPPLFAMK,11,11,11,1.0,1.0
15455,GNTGENLLALLEGR,GNTGENLLALLEGR,14,14,14,1.0,1.0
15457,GNETGNLLALLEGR,GNTGENLLALLEGR,13,14,14,0.9285714285714286,0.9285714285714286
15467,ENLEALLVALK,ENLEALLVALK,11,11,11,1.0,1.0
15605,GPTLTELLEGLK,GPTLTELLEGLK,12,12,12,1.0,1.0
16084,AALTSELAALTESLK,AALESTLAALTESLK,13,15,15,0.8666666666666667,0.8666666666666667
16332,ALDALLASVTESLK,ALDALLASVTESLK,14,14,14,1.0,1.0
16385,AALESTLAALTESLK,AALESTLAALTESLK,15,15,15,1.0,1.0
16386,ESTLAALAALTESLK,AALESTLAALTESLK,12,15,15,0.8,0.8
16709,SVEELNTELLNLLR,SVEELNTELLNLLR,14,14,14,1.0,1.0
17018,SVEELNTELLNLLR,SVEELNTELLNLLR,14,14,14,1.0,1.0
17174,RTEALCDLDCLAPDR,AALLDCLAPDR,10,15,11,0.6666666666666666,0.9090909090909091
